<?xml version="1.0" encoding="UTF-8"?>
<project-private xmlns="http://www.netbeans.org/ns/project-private/1">
    <editor-bookmarks xmlns="http://www.netbeans.org/ns/editor-bookmarks/2" lastBookmarkId="0"/>
    <open-files xmlns="http://www.netbeans.org/ns/projectui-open-files/2">
        <group>
            <file>file:/C:/Users/User/Documents/NetBeansProjects/5009/src/oecd/Admin.java</file>
            <file>file:/C:/Users/User/Documents/NetBeansProjects/5009/src/oecd/Create_Table.java</file>
            <file>file:/C:/Users/User/Documents/NetBeansProjects/5009/src/oecd/Registration.java</file>
            <file>file:/C:/Users/User/Documents/NetBeansProjects/5009/src/oecd/WelcomePage.java</file>
            <file>file:/C:/Users/User/Documents/NetBeansProjects/5009/src/oecd/Create_Database.java</file>
        </group>
    </open-files>
</project-private>
